Age,Pregnancies,Glucose,BP,Skin,Insulin,BMI,DPF,Risk,Probability
35,2,130,70,25,100,28.0,0.5,Low,0.2738308791785992
50,4,180,90,40,200,35.0,1.0,High,0.9018552197895923
35,2,130,75,25,100,28.0,0.5,Low,0.2615463614388679
